{"cameraMode":{"drawMode":0,"name":"Shaded","section":"Shading Mode"},"sceneLighting":true,"audioPlay":false,"sceneViewState":{"showFog":true,"showMaterialUpdate":true,"showSkybox":true,"showFlares":true,"showImageEffects":true,"showParticleSystems":true},"in2DMode":false,"pivot":{"x":13.200521469116211,"y":-3.147632122039795,"z":6.341533660888672},"rotation":{"x":0.08756090700626373,"y":0.5799149870872498,"z":-0.06288357824087143,"w":0.8075289726257324},"size":8.317895889282227,"orthographic":false}