{"cameraMode":{"drawMode":0,"name":"Shaded","section":"Shading Mode"},"sceneLighting":true,"audioPlay":false,"sceneViewState":{"showFog":true,"showMaterialUpdate":true,"showSkybox":true,"showFlares":true,"showImageEffects":true,"showParticleSystems":true},"in2DMode":false,"pivot":{"x":-32.75910186767578,"y":-9.530492782592774,"z":-2.848559856414795},"rotation":{"x":0.11663558334112168,"y":-0.7150560617446899,"z":0.12312018871307373,"w":0.6782530546188355},"size":17.926015853881837,"orthographic":false}