{"cameraMode":{"drawMode":0,"name":"Shaded","section":"Shading Mode"},"sceneLighting":true,"audioPlay":false,"sceneViewState":{"showFog":true,"showMaterialUpdate":true,"showSkybox":true,"showFlares":true,"showImageEffects":true,"showParticleSystems":true},"in2DMode":false,"pivot":{"x":-5.099747180938721,"y":-2.530672073364258,"z":4.096667289733887},"rotation":{"x":0.20001259446144105,"y":-0.3433091342449188,"z":0.07542552053928375,"w":0.9146400690078735},"size":7.071067810058594,"orthographic":false}