{"cameraMode":{"drawMode":0,"name":"Shaded","section":"Shading Mode"},"sceneLighting":true,"audioPlay":false,"sceneViewState":{"showFog":true,"showMaterialUpdate":true,"showSkybox":true,"showFlares":true,"showImageEffects":true,"showParticleSystems":true},"in2DMode":false,"pivot":{"x":-32.6632080078125,"y":-7.91135311126709,"z":-3.8290398120880129},"rotation":{"x":0.0901581346988678,"y":-0.7390081882476807,"z":0.10115154832601547,"w":0.6600053310394287},"size":17.926015853881837,"orthographic":false}