{"cameraMode":{"drawMode":0,"name":"Shaded","section":"Shading Mode"},"sceneLighting":true,"audioPlay":false,"sceneViewState":{"showFog":true,"showMaterialUpdate":true,"showSkybox":true,"showFlares":true,"showImageEffects":true,"showParticleSystems":true},"in2DMode":false,"pivot":{"x":-5.966131687164307,"y":-2.702209711074829,"z":-8.61700439453125},"rotation":{"x":0.04880840331315994,"y":-0.9473854303359985,"z":0.17778320610523225,"w":0.26190173625946047},"size":7.071067810058594,"orthographic":false}